Transcript_1,NC_000069.6,92.308,26,2,0,276,301,33613787,33613762,4.2,39.2
Transcript_1,NC_000070.6,91.429,35,2,1,146,180,83932482,83932449,0.029,47.3
Transcript_1,NC_000070.6,82.927,41,6,1,566,605,129225623,129225583,4.2,40.1
Transcript_1,NC_000079.6,96.000,25,1,0,264,288,49139647,49139671,1.2,41.9
Transcript_1,NC_000083.6,93.103,29,2,0,243,271,53533151,53533123,0.100,44.6
Transcript_1,NC_000072.6,96.000,25,1,0,642,666,84019544,84019568,1.2,41.9
Transcript_1,NC_000072.6,87.879,33,3,1,590,621,119646125,119646157,4.2,39.2
Transcript_1,NC_000076.6,92.308,26,2,0,783,808,9295303,9295328,4.2,39.2
Transcript_1,NC_000067.6,88.489,139,16,0,213,351,21180466,21180604,1.92e-42,179
Transcript_1,NC_000067.6,88.489,139,16,0,213,351,21258843,21258981,1.92e-42,179
Transcript_1,NC_000067.6,81.579,114,21,0,213,326,21315382,21315269,8.17e-22,112
Transcript_1,NC_000067.6,75.188,133,33,0,491,623,21262791,21262923,7.65e-16,92.4
Transcript_1,NC_000067.6,76.378,127,26,2,615,739,21264833,21264957,2.67e-15,89.7
Transcript_1,NC_000067.6,75.652,115,28,0,227,341,21293603,21293489,3.96e-13,82.4
Transcript_1,NC_000067.6,78.947,95,19,1,71,165,21298134,21298041,4.83e-12,78.8
Transcript_1,NC_000067.6,77.528,89,20,0,661,749,21312606,21312518,7.16e-10,71.6
Transcript_1,NC_000067.6,77.419,93,19,2,505,596,21186005,21186096,3.05e-08,67.1
Transcript_1,NC_000067.6,83.673,49,8,0,648,696,21187333,21187381,1.92e-04,53.6
Transcript_1,NC_000067.6,79.661,59,7,1,442,495,21260134,21260192,1.92e-04,53.6
Transcript_1,NC_000067.6,77.273,66,15,0,429,494,21313515,21313450,6.71e-04,52.7
Transcript_1,NC_000067.6,70.732,123,33,3,500,620,21288267,21288146,0.002,50.0
Transcript_1,NC_000067.6,80.435,46,9,0,351,396,21182543,21182588,0.35,43.7
Transcript_1,NC_000067.6,92.308,26,2,0,560,585,82490918,82490943,4.2,39.2
Transcript_1,NC_000075.6,100.000,232,0,0,623,854,78331251,78331020,1.21e-114,419
Transcript_1,NC_000075.6,97.845,232,4,1,623,854,78305293,78305523,1.68e-106,393
Transcript_1,NC_000075.6,94.397,232,13,0,623,854,78242451,78242682,9.91e-97,361
Transcript_1,NC_000075.6,93.966,232,14,0,623,854,78268934,78269165,1.21e-95,356
Transcript_1,NC_000075.6,100.000,144,0,0,351,494,78333902,78333759,7.14e-67,260
Transcript_1,NC_000075.6,98.611,144,2,0,351,494,78239485,78239628,3.70e-64,251
Transcript_1,NC_000075.6,98.611,144,2,0,351,494,78265968,78266111,3.70e-64,251
Transcript_1,NC_000075.6,98.592,142,2,0,216,357,78298935,78299076,4.51e-63,248
Transcript_1,NC_000075.6,98.592,142,2,0,216,357,78337693,78337552,4.51e-63,248
Transcript_1,NC_000075.6,100.000,135,0,0,491,625,78332220,78332086,5.49e-62,244
Transcript_1,NC_000075.6,97.222,144,4,0,216,359,78235928,78236071,1.92e-61,242
Transcript_1,NC_000075.6,97.222,144,4,0,216,359,78262400,78262543,1.92e-61,242
Transcript_1,NC_000075.6,97.222,144,4,0,351,494,78302686,78302829,1.92e-61,242
Transcript_1,NC_000075.6,98.519,135,2,0,491,625,78322356,78322222,2.85e-59,235
Transcript_1,NC_000075.6,97.037,135,4,0,491,625,78304370,78304504,1.47e-56,226
Transcript_1,NC_000075.6,96.296,135,5,0,491,625,78241525,78241659,6.27e-55,222
Transcript_1,NC_000075.6,96.296,135,5,0,491,625,78268008,78268142,6.27e-55,222
Transcript_1,NC_000075.6,81.818,220,37,2,623,840,78321423,78321205,1.13e-51,211
Transcript_1,NC_000075.6,100.000,113,0,0,53,165,78232214,78232326,4.82e-50,205
Transcript_1,NC_000075.6,100.000,113,0,0,53,165,78341942,78341830,4.82e-50,205
Transcript_1,NC_000075.6,99.115,113,1,0,53,165,78258686,78258798,2.05e-48,200
Transcript_1,NC_000075.6,99.115,113,1,0,53,165,78294780,78294892,2.05e-48,200
Transcript_1,NC_000075.6,77.863,131,29,0,216,346,78204230,78204360,3.47e-20,106
Transcript_1,NC_000075.6,100.000,56,0,0,1,56,78347144,78347089,4.23e-19,102
Transcript_1,NC_000075.6,100.000,54,0,0,164,217,78235082,78235135,5.15e-18,98.7
Transcript_1,NC_000075.6,100.000,54,0,0,164,217,78261554,78261607,5.15e-18,98.7
Transcript_1,NC_000075.6,100.000,54,0,0,164,217,78298097,78298150,5.15e-18,98.7
Transcript_1,NC_000075.6,100.000,54,0,0,164,217,78338698,78338645,5.15e-18,98.7
Transcript_1,NC_000075.6,98.214,56,1,0,1,56,78257148,78257203,1.80e-17,97.8
Transcript_1,NC_000075.6,98.214,56,1,0,1,56,78289947,78290002,1.80e-17,97.8
Transcript_1,NC_000075.6,96.429,56,2,0,1,56,78230675,78230730,2.19e-16,93.3
Transcript_1,NC_000075.6,76.316,76,18,0,623,698,78209055,78209130,1.58e-05,57.2
Transcript_1,NC_000075.6,90.000,30,3,0,17,46,98025493,98025464,1.2,41.9
Transcript_1,NC_000075.6,89.655,29,3,0,551,579,28575382,28575410,4.2,40.1
Transcript_1,NC_000071.6,79.545,44,9,0,679,722,76924412,76924369,4.2,40.1
Transcript_1,NC_000071.6,76.667,60,12,2,681,738,52966365,52966424,4.2,39.2
Transcript_1,NC_000071.6,100.000,21,0,0,23,43,61343620,61343600,4.2,39.2
Transcript_1,NC_000071.6,87.879,33,3,1,155,186,124853730,124853698,4.2,39.2
Transcript_1,NC_000071.6,100.000,21,0,0,626,646,146680134,146680114,4.2,39.2
Transcript_1,NC_000074.6,90.625,32,2,1,788,819,42924594,42924564,1.2,41.9
Transcript_1,NC_000074.6,96.000,25,1,0,631,655,94842684,94842708,1.2,41.9
Transcript_1,NC_000077.6,87.879,33,3,1,801,833,49785206,49785175,4.2,39.2
Transcript_1,NC_000077.6,100.000,21,0,0,282,302,82800058,82800038,4.2,39.2
Transcript_1,NC_000086.7,95.833,24,1,0,735,758,122227204,122227181,4.2,40.1
Transcript_2,NM_080852.2,100.000,1752,0,0,1,1752,3,1754,0.0,3160
Transcript_2,XM_006530052.1,100.000,759,0,0,11,769,9,767,0.0,1370
Transcript_2,XM_006530052.1,100.000,755,0,0,899,1653,765,1519,0.0,1362
Transcript_2,NR_033591.2,75.678,1180,274,7,95,1265,80,1255,0.0,815
Transcript_2,NM_028746.3,64.487,780,249,14,176,938,167,935,1.58e-24,121
Transcript_2,NM_008342.3,87.179,39,5,0,1714,1752,1304,1342,0.008,49.1
Transcript_2,XR_001781320.1,85.714,35,5,0,1710,1744,609,643,1.2,41.9
Transcript_2,XR_001781319.1,85.714,35,5,0,1710,1744,609,643,1.2,41.9
Transcript_2,XR_874782.1,85.714,35,5,0,1710,1744,609,643,1.2,41.9
Transcript_2,XM_006502129.3,100.000,22,0,0,1632,1653,3252,3231,1.2,41.0
Transcript_2,NM_001081229.1,100.000,22,0,0,1632,1653,3171,3150,1.2,41.0
Transcript_2,XM_011242998.1,92.308,26,2,0,1303,1328,666,691,4.2,39.2
Transcript_2,XM_011242997.1,92.308,26,2,0,1303,1328,718,743,4.2,39.2
Transcript_2,XM_006512252.2,92.308,26,2,0,1303,1328,937,962,4.2,39.2
Transcript_2,XM_006512251.2,92.308,26,2,0,1303,1328,843,868,4.2,39.2
Transcript_2,XM_006512250.2,92.308,26,2,0,1303,1328,722,747,4.2,39.2
Transcript_2,XM_006512249.2,92.308,26,2,0,1303,1328,892,917,4.2,39.2
Transcript_2,XM_006512254.1,92.308,26,2,0,1303,1328,856,881,4.2,39.2
Transcript_2,NM_026917.5,92.308,26,2,0,1303,1328,910,935,4.2,39.2
Transcript_2,NC_000069.6,100.000,760,0,0,11,770,14480699,14481458,0.0,1371
Transcript_2,NC_000069.6,99.383,486,3,0,1262,1747,14505343,14505828,0.0,864
Transcript_2,NC_000069.6,100.000,366,0,0,900,1265,14499047,14499412,0.0,661
Transcript_2,NC_000069.6,80.205,682,129,1,95,770,14363196,14363877,5.46e-176,623
Transcript_2,NC_000069.6,100.000,134,0,0,768,901,14497224,14497357,1.92e-61,242
Transcript_2,NC_000069.6,97.761,134,3,0,439,572,14330257,14330390,4.22e-57,229
Transcript_2,NC_000069.6,76.364,220,52,0,1262,1481,14377340,14377559,1.48e-37,163
Transcript_2,NC_000069.6,70.321,374,105,5,895,1265,14372907,14373277,6.27e-36,158
Transcript_2,NC_000069.6,72.816,103,28,0,1270,1372,14436015,14436117,1.30e-06,60.8
Transcript_2,NC_000069.6,79.545,44,2,1,1716,1752,112780058,112780015,1.2,41.9
Transcript_2,NC_000069.6,96.000,25,1,0,597,621,159613603,159613627,1.2,41.9
Transcript_2,NC_000069.6,92.593,27,2,0,63,89,25549628,25549654,1.2,41.0
Transcript_2,NC_000069.6,77.778,63,11,3,1325,1385,43664026,43663965,1.2,41.0
Transcript_2,NC_000069.6,100.000,22,0,0,1632,1653,58461129,58461108,1.2,41.0
Transcript_2,NC_000069.6,92.857,28,1,1,1366,1392,77405504,77405477,4.2,39.2
Transcript_2,NC_000070.6,64.222,559,186,8,176,724,19818893,19819447,1.14e-13,84.2
Transcript_2,NC_000070.6,85.714,42,2,1,1711,1752,68511155,68511192,0.008,49.1
Transcript_2,NC_000070.6,85.366,41,4,1,1712,1752,137345249,137345287,0.100,45.5
Transcript_2,NC_000070.6,85.366,41,5,1,1578,1617,110427798,110427758,0.100,44.6
Transcript_2,NC_000070.6,86.111,36,5,0,1359,1394,80184142,80184107,0.35,43.7
Transcript_2,NC_000070.6,96.154,26,1,0,1105,1130,108087973,108087948,0.35,43.7
Transcript_2,NC_000070.6,100.000,23,0,0,1498,1520,12327307,12327329,0.35,42.8
Transcript_2,NC_000070.6,84.211,38,6,0,1358,1395,39748267,39748304,0.35,42.8
Transcript_2,NC_000070.6,85.714,35,5,0,1711,1745,24362315,24362349,1.2,41.9
Transcript_2,NC_000070.6,82.500,40,3,1,1713,1752,18802610,18802575,1.2,41.0
Transcript_2,NC_000070.6,80.851,47,4,2,1711,1752,24721991,24722037,1.2,41.0
Transcript_2,NC_000070.6,79.592,49,5,2,1704,1752,50854597,50854640,4.2,40.1
Transcript_2,NC_000070.6,84.211,38,5,1,793,830,115435694,115435658,4.2,39.2
Transcript_2,NC_000082.6,78.261,69,14,1,1679,1747,60872547,60872480,1.92e-04,54.5
Transcript_2,NC_000082.6,83.333,42,6,1,1133,1174,57042378,57042338,1.2,41.9
Transcript_2,NC_000082.6,81.818,44,7,1,1111,1154,12086348,12086390,1.2,41.0
Transcript_2,NC_000082.6,95.833,24,1,0,144,167,81396757,81396734,4.2,40.1
Transcript_2,NC_000082.6,92.308,26,2,0,1100,1125,16348233,16348258,4.2,39.2
Transcript_2,NC_000082.6,100.000,21,0,0,1487,1507,76592522,76592542,4.2,39.2
Transcript_2,NC_000082.6,83.333,36,6,0,1359,1394,81155857,81155822,4.2,39.2
Transcript_2,NC_000068.7,85.714,42,6,0,1711,1752,123188619,123188578,0.002,50.0
Transcript_2,NC_000068.7,82.609,46,5,2,1690,1735,12697668,12697626,1.2,41.9
Transcript_2,NC_000068.7,100.000,22,0,0,1650,1671,47226890,47226869,1.2,41.0
Transcript_2,NC_000068.7,87.500,32,4,0,1148,1179,62210804,62210835,1.2,41.0
Transcript_2,NC_000068.7,83.784,37,2,1,1711,1747,35115119,35115087,4.2,40.1
Transcript_2,NC_000068.7,90.323,31,2,1,1261,1291,129075325,129075354,4.2,40.1
Transcript_2,NC_000068.7,87.879,33,3,1,1112,1144,133881954,133881985,4.2,39.2
Transcript_2,NC_000068.7,100.000,21,0,0,619,639,166459289,166459269,4.2,39.2
Transcript_2,NC_000079.6,80.357,56,5,2,1697,1752,104971918,104971869,0.008,49.1
Transcript_2,NC_000079.6,86.111,36,5,0,1711,1746,43014351,43014316,0.35,43.7
Transcript_2,NC_000079.6,82.927,41,3,1,1711,1751,27554992,27555028,0.35,42.8
Transcript_2,NC_000079.6,84.615,39,3,1,1714,1752,35419778,35419813,0.35,42.8
Transcript_2,NC_000079.6,82.927,41,5,1,1711,1751,4518764,4518802,1.2,41.0
Transcript_2,NC_000079.6,95.833,24,1,0,845,868,108421378,108421355,4.2,40.1
Transcript_2,NC_000083.6,81.633,49,8,1,1699,1747,60060611,60060564,0.100,45.5
Transcript_2,NC_000083.6,81.818,44,7,1,1507,1550,44103882,44103924,1.2,41.0
Transcript_2,NC_000083.6,83.333,36,6,0,1715,1750,17387629,17387594,4.2,39.2
Transcript_2,NC_000083.6,100.000,21,0,0,882,902,31041701,31041721,4.2,39.2
Transcript_2,NC_000083.6,87.879,33,3,1,855,887,73177912,73177943,4.2,39.2
Transcript_2,NC_000078.6,82.609,46,7,1,317,362,38123127,38123171,0.100,44.6
Transcript_2,NC_000078.6,81.818,44,6,1,1702,1743,33578430,33578473,1.2,41.9
Transcript_2,NC_000078.6,90.000,30,3,0,1352,1381,43316005,43315976,1.2,41.9
Transcript_2,NC_000078.6,82.222,45,4,2,1711,1751,11144475,11144519,1.2,41.0
Transcript_2,NC_000078.6,82.500,40,4,1,902,941,32250847,32250883,4.2,40.1
Transcript_2,NC_000078.6,100.000,21,0,0,225,245,30577825,30577805,4.2,39.2
Transcript_2,NC_000078.6,87.879,33,3,1,852,884,92127549,92127580,4.2,39.2
Transcript_2,NC_000085.6,77.358,53,5,1,1704,1749,27349611,27349663,0.100,44.6
Transcript_2,NC_000072.6,80.435,46,9,0,1707,1752,140640013,140639968,0.35,43.7
Transcript_2,NC_000072.6,85.000,40,5,1,1577,1615,77499065,77499104,0.35,42.8
Transcript_2,NC_000072.6,78.571,56,9,2,1689,1743,14780647,14780700,1.2,41.9
Transcript_2,NC_000072.6,90.000,30,3,0,29,58,20104461,20104490,1.2,41.9
Transcript_2,NC_000072.6,89.655,29,3,0,56,84,46607388,46607416,4.2,40.1
Transcript_2,NC_000072.6,95.833,24,1,0,44,67,47249648,47249625,4.2,40.1
Transcript_2,NC_000072.6,92.308,26,2,0,33,58,45573056,45573081,4.2,39.2
Transcript_2,NC_000072.6,92.308,26,2,0,1440,1465,80612911,80612936,4.2,39.2
Transcript_2,NC_000076.6,90.323,31,3,0,46,76,91240868,91240898,0.35,43.7
Transcript_2,NC_000076.6,81.633,49,5,2,1141,1188,118295340,118295295,0.35,43.7
Transcript_2,NC_000076.6,83.784,37,2,1,1650,1686,77162580,77162612,4.2,40.1
Transcript_2,NC_000076.6,82.051,39,7,0,1304,1342,100063306,100063268,4.2,40.1
Transcript_2,NC_000076.6,95.833,24,1,0,1481,1504,107138828,107138805,4.2,40.1
Transcript_2,NC_000076.6,87.097,31,4,0,1130,1160,37178484,37178454,4.2,39.2
Transcript_2,NC_000076.6,92.308,26,2,0,1301,1326,110728024,110727999,4.2,39.2
Transcript_2,NC_000067.6,92.857,28,2,0,894,921,152279890,152279917,0.35,42.8
Transcript_2,NC_000067.6,76.562,64,5,4,1568,1627,54282027,54282084,4.2,40.1
Transcript_2,NC_000067.6,82.051,39,7,0,1358,1396,109550250,109550212,4.2,40.1
Transcript_2,NC_000067.6,84.211,38,5,1,222,258,15667317,15667280,4.2,39.2
Transcript_2,NC_000067.6,87.097,31,4,0,1644,1674,110359456,110359426,4.2,39.2
Transcript_2,NC_000067.6,81.395,43,7,1,1711,1752,111333464,111333506,4.2,39.2
Transcript_2,NC_000075.6,83.333,42,5,1,1713,1752,101623912,101623871,0.35,42.8
Transcript_2,NC_000075.6,80.000,45,6,1,1709,1750,62928037,62928081,4.2,40.1
Transcript_2,NC_000075.6,92.308,26,2,0,1416,1441,33662880,33662855,4.2,39.2
Transcript_2,NC_000075.6,90.000,30,1,1,1117,1146,51404035,51404008,4.2,39.2
Transcript_2,NC_000075.6,92.308,26,2,0,873,898,110611263,110611238,4.2,39.2
Transcript_2,NC_000075.6,92.308,26,2,0,1303,1328,123080416,123080391,4.2,39.2
Transcript_2,NC_000084.6,92.857,28,2,0,1361,1388,31168501,31168528,0.35,42.8
Transcript_2,NC_000084.6,92.593,27,2,0,1135,1161,6298701,6298675,1.2,41.0
Transcript_2,NC_000084.6,88.235,34,3,1,1583,1615,79356866,79356833,1.2,41.0
Transcript_2,NC_000071.6,87.179,39,3,2,1135,1172,9893755,9893792,1.2,41.9
Transcript_2,NC_000071.6,95.833,24,1,0,219,242,54172856,54172833,4.2,40.1
Transcript_2,NC_000071.6,81.633,49,4,3,1698,1746,150087368,150087411,4.2,40.1
Transcript_2,NC_000071.6,80.488,41,8,0,1711,1751,19475197,19475157,4.2,39.2
Transcript_2,NC_000071.6,92.308,26,2,0,33,58,64671090,64671065,4.2,39.2
Transcript_2,NC_000071.6,100.000,21,0,0,1109,1129,117157832,117157852,4.2,39.2
Transcript_2,NC_000073.6,90.000,30,3,0,66,95,14251900,14251871,1.2,41.9
Transcript_2,NC_000073.6,95.833,24,1,0,892,915,71502642,71502619,4.2,40.1
Transcript_2,NC_000073.6,83.333,36,6,0,1711,1746,70049573,70049538,4.2,39.2
Transcript_2,NC_000073.6,100.000,21,0,0,640,660,74239283,74239303,4.2,39.2
Transcript_2,NC_000074.6,81.250,48,5,2,1,44,25705825,25705872,1.2,41.9
Transcript_2,NC_000074.6,79.245,53,8,2,1700,1752,106092565,106092614,1.2,41.0
Transcript_2,NC_000074.6,83.333,36,6,0,1707,1742,53041854,53041889,4.2,39.2
Transcript_2,NC_000074.6,82.222,45,6,2,952,995,53779373,53779330,4.2,39.2
Transcript_2,NC_000080.6,82.000,50,4,3,1701,1747,49847300,49847253,1.2,41.9
Transcript_2,NC_000080.6,85.714,35,5,0,1710,1744,69304404,69304438,1.2,41.9
Transcript_2,NC_000080.6,85.714,35,5,0,1710,1744,69522654,69522688,1.2,41.9
Transcript_2,NC_000081.6,77.778,54,5,2,1699,1752,7856646,7856692,1.2,41.9
Transcript_2,NC_000077.6,92.593,27,2,0,1349,1375,53021347,53021373,1.2,41.0
Transcript_2,NC_000086.7,81.818,44,7,1,1708,1751,49323311,49323353,1.2,41.0
Transcript_2,NC_000086.7,84.615,39,5,1,40,77,70335879,70335917,1.2,41.0
Transcript_2,NC_000086.7,90.323,31,2,1,47,77,40326556,40326527,4.2,40.1
Transcript_2,NC_000086.7,86.111,36,4,1,1660,1695,96195177,96195211,4.2,40.1
Transcript_2,NC_000086.7,90.323,31,2,1,971,1001,154711557,154711586,4.2,40.1
Transcript_2,NC_000086.7,80.488,41,8,0,1711,1751,95635578,95635618,4.2,39.2
Transcript_2,NC_000086.7,83.333,42,4,2,1711,1749,168859640,168859681,4.2,39.2
Transcript_2,NC_000087.7,92.593,27,2,0,63,89,54925514,54925488,1.2,41.0
Transcript_2,NC_000087.7,92.593,27,2,0,63,89,74745657,74745631,1.2,41.0
Transcript_2,NC_000087.7,92.593,27,2,0,63,89,74907376,74907350,1.2,41.0
Transcript_2,NC_000087.7,92.593,27,2,0,63,89,83671860,83671834,1.2,41.0
Transcript_2,NC_000087.7,92.593,27,2,0,63,89,83809104,83809078,1.2,41.0
Transcript_2,NC_000087.7,92.593,27,2,0,63,89,85410535,85410509,1.2,41.0
Transcript_2,NC_000087.7,92.593,27,2,0,63,89,85770959,85770933,1.2,41.0
Transcript_2,NC_000087.7,92.593,27,2,0,63,89,86322533,86322507,1.2,41.0
Transcript_6,NC_000070.6,71.257,167,45,1,1308,1474,118213628,118213465,1.14e-13,84.2
Transcript_6,NC_000070.6,80.702,57,11,0,1407,1463,131780150,131780094,1.92e-04,54.5
Transcript_6,NC_000070.6,70.635,126,23,6,1358,1476,118211483,118211365,0.029,47.3
Transcript_6,NC_000070.6,87.500,40,4,1,8,47,148422565,148422603,0.029,47.3
Transcript_6,NC_000070.6,88.235,34,4,0,1753,1786,75957383,75957350,0.100,44.6
Transcript_6,NC_000070.6,100.000,24,0,0,8,31,124971060,124971083,0.100,44.6
Transcript_6,NC_000070.6,96.154,26,1,0,8,33,45571045,45571070,0.35,43.7
Transcript_6,NC_000070.6,96.154,26,1,0,8,33,67344366,67344341,0.35,43.7
Transcript_6,NC_000070.6,96.154,26,1,0,8,33,90098107,90098132,0.35,43.7
Transcript_6,NC_000070.6,96.154,26,1,0,8,33,93159370,93159345,0.35,43.7
Transcript_6,NC_000070.6,90.323,31,3,0,8,38,121199034,121199004,0.35,43.7
Transcript_6,NC_000070.6,100.000,23,0,0,8,30,30545345,30545367,0.35,42.8
Transcript_6,NC_000070.6,100.000,23,0,0,8,30,107801326,107801348,0.35,42.8
Transcript_6,NC_000070.6,100.000,23,0,0,8,30,132173598,132173576,0.35,42.8
Transcript_6,NC_000070.6,100.000,23,0,0,8,30,133005675,133005697,0.35,42.8
Transcript_6,NC_000070.6,96.000,25,1,0,8,32,19755886,19755910,1.2,41.9
Transcript_6,NC_000070.6,90.000,30,3,0,8,37,38348801,38348830,1.2,41.9
Transcript_6,NC_000070.6,96.000,25,1,0,8,32,41079477,41079501,1.2,41.9
Transcript_6,NC_000070.6,96.000,25,1,0,8,32,49458556,49458532,1.2,41.9
Transcript_6,NC_000070.6,96.000,25,1,0,9,33,70005310,70005334,1.2,41.9
Transcript_6,NC_000070.6,96.296,27,0,1,8,33,81526431,81526457,1.2,41.9
Transcript_6,NC_000070.6,96.000,25,1,0,7,31,90097954,90097978,1.2,41.9
Transcript_6,NC_000070.6,96.000,25,1,0,8,32,93538299,93538275,1.2,41.9
Transcript_6,NC_000070.6,96.000,25,1,0,8,32,94026826,94026802,1.2,41.9
Transcript_6,NC_000070.6,90.000,30,3,0,8,37,95194632,95194603,1.2,41.9
Transcript_6,NC_000070.6,96.000,25,1,0,6,30,100965473,100965497,1.2,41.9
Transcript_6,NC_000070.6,96.000,25,1,0,7,31,107942534,107942558,1.2,41.9
Transcript_6,NC_000070.6,96.000,25,1,0,7,31,121607022,121607046,1.2,41.9
Transcript_6,NC_000070.6,96.000,25,1,0,8,32,129554177,129554153,1.2,41.9
Transcript_6,NC_000070.6,96.000,25,1,0,6,30,133228312,133228288,1.2,41.9
Transcript_6,NC_000070.6,96.296,27,0,1,8,33,144963241,144963215,1.2,41.9
Transcript_6,NC_000070.6,100.000,22,0,0,8,29,3170244,3170265,1.2,41.0
Transcript_6,NC_000070.6,100.000,22,0,0,8,29,3187144,3187123,1.2,41.0
Transcript_6,NC_000070.6,93.103,29,1,1,8,36,20551702,20551729,1.2,41.0
Transcript_6,NC_000070.6,92.593,27,2,0,5,31,30238107,30238133,1.2,41.0
Transcript_6,NC_000070.6,92.593,27,2,0,5,31,40861809,40861783,1.2,41.0
Transcript_6,NC_000070.6,90.323,31,1,1,8,38,44710603,44710631,1.2,41.0
Transcript_6,NC_000070.6,82.500,40,3,1,8,47,52886902,52886867,1.2,41.0
Transcript_6,NC_000070.6,92.593,27,2,0,8,34,57155738,57155712,1.2,41.0
Transcript_6,NC_000070.6,100.000,22,0,0,12,33,72412516,72412537,1.2,41.0
Transcript_6,NC_000070.6,92.593,27,2,0,8,34,73453077,73453051,1.2,41.0
Transcript_6,NC_000070.6,92.593,27,2,0,7,33,80383985,80384011,1.2,41.0
Transcript_6,NC_000070.6,87.500,32,4,0,7,38,89845203,89845234,1.2,41.0
Transcript_6,NC_000070.6,81.818,44,7,1,8,50,91822125,91822082,1.2,41.0
Transcript_6,NC_000070.6,92.593,27,2,0,7,33,105448946,105448920,1.2,41.0
Transcript_6,NC_000070.6,87.500,32,4,0,8,39,107152194,107152163,1.2,41.0
Transcript_6,NC_000070.6,100.000,22,0,0,8,29,108395147,108395126,1.2,41.0
Transcript_6,NC_000070.6,80.000,45,5,1,2413,2457,150614844,150614884,1.2,41.0
Transcript_6,NC_000083.6,71.795,156,37,5,1321,1474,56419068,56418918,8.73e-09,68.0
Transcript_6,NC_000083.6,75.385,65,16,0,1408,1472,66725814,66725750,0.029,46.4
Transcript_6,NC_000083.6,96.296,27,1,0,8,34,76840966,76840940,0.100,45.5
Transcript_6,NC_000083.6,93.103,29,2,0,8,36,26362402,26362374,0.100,44.6
Transcript_6,NC_000083.6,88.235,34,4,0,2058,2091,44772219,44772186,0.100,44.6
Transcript_6,NC_000083.6,96.154,26,1,0,8,33,12114350,12114375,0.35,43.7
Transcript_6,NC_000083.6,96.154,26,1,0,8,33,40133611,40133586,0.35,43.7
Transcript_6,NC_000083.6,90.323,31,3,0,279,309,48443375,48443345,0.35,43.7
Transcript_6,NC_000083.6,96.154,26,1,0,8,33,49121345,49121370,0.35,43.7
Transcript_6,NC_000083.6,96.154,26,1,0,8,33,54405991,54405966,0.35,43.7
Transcript_6,NC_000083.6,96.154,26,1,0,8,33,70815672,70815697,0.35,43.7
Transcript_6,NC_000083.6,96.154,26,1,0,8,33,79184326,79184301,0.35,43.7
Transcript_6,NC_000083.6,92.857,28,2,0,8,35,8501093,8501120,0.35,42.8
Transcript_6,NC_000083.6,92.857,28,2,0,8,35,32085531,32085558,0.35,42.8
Transcript_6,NC_000083.6,100.000,23,0,0,8,30,47023165,47023187,0.35,42.8
Transcript_6,NC_000083.6,100.000,23,0,0,8,30,47901188,47901210,0.35,42.8
Transcript_6,NC_000083.6,100.000,23,0,0,8,30,53588882,53588904,0.35,42.8
Transcript_6,NC_000083.6,92.857,28,2,0,6,33,82828155,82828128,0.35,42.8
Transcript_6,NC_000083.6,100.000,23,0,0,8,30,86118982,86118960,0.35,42.8
Transcript_6,NC_000083.6,82.500,40,7,0,8,47,8237053,8237092,1.2,41.9
Transcript_6,NC_000083.6,96.000,25,1,0,8,32,23193529,23193553,1.2,41.9
Transcript_6,NC_000083.6,90.000,30,3,0,8,37,30667234,30667263,1.2,41.9
Transcript_6,NC_000083.6,96.000,25,1,0,6,30,68828127,68828151,1.2,41.9
Transcript_6,NC_000083.6,90.000,30,3,0,8,37,82598335,82598364,1.2,41.9
Transcript_6,NC_000083.6,96.000,25,1,0,6,30,92326808,92326784,1.2,41.9
Transcript_6,NC_000083.6,92.593,27,2,0,8,34,6034103,6034129,1.2,41.0
Transcript_6,NC_000083.6,92.593,27,2,0,5,31,8446343,8446369,1.2,41.0
Transcript_6,NC_000083.6,92.593,27,2,0,5,31,45879122,45879148,1.2,41.0
Transcript_6,NC_000083.6,100.000,22,0,0,8,29,66064772,66064751,1.2,41.0
Transcript_6,NC_000083.6,84.615,39,5,1,8,46,66645012,66645049,1.2,41.0
Transcript_6,NC_000083.6,88.235,34,3,1,2060,2092,69852182,69852149,1.2,41.0
Transcript_6,NC_000083.6,100.000,22,0,0,8,29,74289614,74289593,1.2,41.0
Transcript_6,NC_000083.6,100.000,22,0,0,8,29,89434813,89434834,1.2,41.0
Transcript_6,NC_000083.6,92.593,27,2,0,5,31,93200431,93200457,1.2,41.0
Transcript_6,NC_000076.6,74.101,139,36,0,1344,1482,116237230,116237368,2.67e-15,89.7
Transcript_6,NC_000076.6,76.712,73,16,1,1866,1938,116273730,116273801,6.71e-04,52.7
Transcript_6,NC_000076.6,78.947,57,12,0,1752,1808,116256127,116256183,0.002,50.0
Transcript_6,NC_000076.6,96.296,27,1,0,5,31,26334154,26334128,0.100,45.5
Transcript_6,NC_000076.6,100.000,24,0,0,8,31,3874819,3874842,0.100,44.6
Transcript_6,NC_000076.6,96.154,26,1,0,8,33,25154055,25154080,0.35,43.7
Transcript_6,NC_000076.6,96.154,26,1,0,8,33,32730341,32730366,0.35,43.7
Transcript_6,NC_000076.6,96.154,26,1,0,5,30,34465264,34465289,0.35,43.7
Transcript_6,NC_000076.6,96.154,26,1,0,8,33,62256108,62256133,0.35,43.7
Transcript_6,NC_000076.6,100.000,23,0,0,8,30,4444352,4444374,0.35,42.8
Transcript_6,NC_000076.6,82.222,45,7,1,8,52,35244176,35244133,0.35,42.8
Transcript_6,NC_000076.6,100.000,23,0,0,8,30,76027072,76027050,0.35,42.8
Transcript_6,NC_000076.6,92.857,28,2,0,7,34,117319827,117319854,0.35,42.8
Transcript_6,NC_000076.6,100.000,23,0,0,8,30,120561782,120561760,0.35,42.8
Transcript_6,NC_000076.6,92.857,28,2,0,3,30,124428173,124428200,0.35,42.8
Transcript_6,NC_000076.6,100.000,23,0,0,8,30,128216791,128216813,0.35,42.8
Transcript_6,NC_000076.6,96.000,25,1,0,8,32,10133705,10133681,1.2,41.9
Transcript_6,NC_000076.6,90.323,31,0,1,6,33,29216599,29216569,1.2,41.9
Transcript_6,NC_000076.6,90.000,30,3,0,8,37,29387550,29387521,1.2,41.9
Transcript_6,NC_000076.6,96.000,25,1,0,6,30,36660296,36660272,1.2,41.9
Transcript_6,NC_000076.6,96.296,27,0,1,8,33,43254463,43254437,1.2,41.9
Transcript_6,NC_000076.6,96.000,25,1,0,8,32,95525803,95525779,1.2,41.9
Transcript_6,NC_000076.6,85.714,35,5,0,2034,2068,96180423,96180457,1.2,41.9
Transcript_6,NC_000076.6,96.000,25,1,0,7,31,105582552,105582576,1.2,41.9
Transcript_6,NC_000076.6,80.000,45,9,0,1180,1224,116229483,116229527,1.2,41.9
Transcript_6,NC_000076.6,92.593,27,2,0,7,33,8614698,8614672,1.2,41.0
Transcript_6,NC_000076.6,84.615,39,5,1,2066,2104,46261380,46261417,1.2,41.0
Transcript_6,NC_000076.6,100.000,22,0,0,8,29,56262781,56262760,1.2,41.0
Transcript_6,NC_000076.6,92.593,27,2,0,8,34,57256553,57256527,1.2,41.0
Transcript_6,NC_000076.6,92.593,27,2,0,8,34,61202350,61202376,1.2,41.0
Transcript_6,NC_000076.6,80.435,46,7,1,8,53,63412621,63412664,1.2,41.0
Transcript_6,NC_000076.6,92.593,27,2,0,8,34,66310703,66310729,1.2,41.0
Transcript_6,NC_000076.6,100.000,22,0,0,8,29,79071826,79071805,1.2,41.0
Transcript_6,NC_000076.6,92.593,27,2,0,8,34,84375504,84375478,1.2,41.0
Transcript_6,NC_000076.6,92.593,27,2,0,8,34,89786096,89786122,1.2,41.0
Transcript_6,NC_000076.6,93.103,29,1,1,8,35,90396869,90396897,1.2,41.0
Transcript_6,NC_000076.6,92.593,27,2,0,8,34,91844522,91844548,1.2,41.0
Transcript_6,NC_000076.6,75.000,68,14,2,2073,2140,92702793,92702857,1.2,41.0
Transcript_6,NC_000076.6,92.593,27,2,0,8,34,96685471,96685497,1.2,41.0
Transcript_6,NC_000076.6,71.579,95,23,3,1369,1461,116367502,116367594,1.2,41.0
Transcript_6,NC_000076.6,92.593,27,2,0,5,31,129879132,129879106,1.2,41.0
Transcript_6,NC_000067.6,75.207,121,30,0,1341,1461,135137320,135137440,1.14e-13,84.2
Transcript_6,NC_000067.6,75.591,127,29,2,1744,1869,135141932,135142057,3.96e-13,83.3
Transcript_6,NC_000067.6,80.303,66,13,0,1865,1930,135143157,135143222,1.30e-06,61.7
Transcript_6,NC_000067.6,100.000,26,0,0,1320,1345,135136151,135136176,0.008,48.2
Transcript_6,NC_000067.6,90.625,32,3,0,2427,2458,113081437,113081468,0.100,45.5
Transcript_6,NC_000067.6,96.296,27,1,0,8,34,166242680,166242654,0.100,45.5
Transcript_6,NC_000067.6,100.000,24,0,0,8,31,12389063,12389040,0.100,44.6
Transcript_6,NC_000067.6,86.047,43,4,2,1473,1515,23683346,23683386,0.100,44.6
Transcript_6,NC_000067.6,100.000,24,0,0,8,31,94869423,94869446,0.100,44.6
Transcript_6,NC_000067.6,100.000,24,0,0,8,31,153544242,153544219,0.100,44.6
Transcript_6,NC_000067.6,100.000,24,0,0,8,31,177181457,177181434,0.100,44.6
Transcript_6,NC_000067.6,100.000,24,0,0,7,30,181287853,181287876,0.100,44.6
Transcript_6,NC_000067.6,96.154,26,1,0,8,33,25983951,25983976,0.35,43.7
Transcript_6,NC_000067.6,96.154,26,1,0,8,33,38733546,38733521,0.35,43.7
Transcript_6,NC_000067.6,96.154,26,1,0,8,33,56686323,56686348,0.35,43.7
Transcript_6,NC_000067.6,96.154,26,1,0,8,33,107896987,107897012,0.35,43.7
Transcript_6,NC_000067.6,96.154,26,1,0,8,33,139961481,139961506,0.35,43.7
Transcript_6,NC_000067.6,96.154,26,1,0,8,33,180749154,180749179,0.35,43.7
Transcript_6,NC_000067.6,96.154,26,1,0,8,33,184012334,184012309,0.35,43.7
Transcript_6,NC_000067.6,96.154,26,1,0,8,33,191335451,191335476,0.35,43.7
Transcript_6,NC_000067.6,100.000,23,0,0,8,30,23250318,23250340,0.35,42.8
Transcript_6,NC_000067.6,100.000,23,0,0,8,30,23314096,23314118,0.35,42.8
Transcript_6,NC_000067.6,80.851,47,7,1,264,310,36903006,36903050,0.35,42.8
Transcript_6,NC_000067.6,100.000,23,0,0,8,30,68019062,68019084,0.35,42.8
Transcript_6,NC_000067.6,85.000,40,5,1,8,47,72802973,72803011,0.35,42.8
Transcript_6,NC_000067.6,100.000,23,0,0,8,30,97519775,97519797,0.35,42.8
Transcript_6,NC_000067.6,92.857,28,2,0,8,35,118360733,118360706,0.35,42.8
Transcript_6,NC_000067.6,100.000,23,0,0,8,30,170864552,170864530,0.35,42.8
Transcript_6,NC_000067.6,96.000,25,1,0,8,32,13429792,13429816,1.2,41.9
Transcript_6,NC_000067.6,90.000,30,3,0,8,37,19345885,19345914,1.2,41.9
Transcript_6,NC_000067.6,96.000,25,1,0,1321,1345,34463160,34463184,1.2,41.9
Transcript_6,NC_000067.6,96.000,25,1,0,6,30,48582756,48582780,1.2,41.9
Transcript_6,NC_000067.6,90.000,30,3,0,2060,2089,55263877,55263848,1.2,41.9
Transcript_6,NC_000067.6,90.000,30,3,0,2,31,76481115,76481086,1.2,41.9
Transcript_6,NC_000067.6,96.000,25,1,0,6,30,85261769,85261745,1.2,41.9
Transcript_6,NC_000067.6,85.714,35,5,0,8,42,110637531,110637497,1.2,41.9
Transcript_6,NC_000067.6,96.000,25,1,0,7,31,114919859,114919883,1.2,41.9
Transcript_6,NC_000067.6,90.000,30,3,0,2060,2089,127327804,127327775,1.2,41.9
Transcript_6,NC_000067.6,90.625,32,2,1,2060,2090,184148065,184148096,1.2,41.9
Transcript_6,NC_000067.6,96.000,25,1,0,6,30,185025985,185025961,1.2,41.9
Transcript_6,NC_000067.6,84.615,39,4,1,7,45,189611751,189611715,1.2,41.9
Transcript_6,NC_000067.6,83.784,37,6,0,8,44,7010143,7010107,1.2,41.0
Transcript_6,NC_000067.6,100.000,22,0,0,8,29,7676066,7676087,1.2,41.0
Transcript_6,NC_000067.6,100.000,22,0,0,9,30,9823285,9823306,1.2,41.0
Transcript_6,NC_000067.6,92.593,27,2,0,8,34,11943285,11943311,1.2,41.0
Transcript_6,NC_000067.6,92.593,27,2,0,7,33,12230610,12230636,1.2,41.0
Transcript_6,NC_000067.6,100.000,22,0,0,8,29,19204910,19204931,1.2,41.0
Transcript_6,NC_000067.6,92.593,27,2,0,8,34,21374898,21374924,1.2,41.0
Transcript_6,NC_000067.6,87.500,32,4,0,2059,2090,31244768,31244737,1.2,41.0
Transcript_6,NC_000067.6,100.000,22,0,0,8,29,34119120,34119099,1.2,41.0
Transcript_6,NC_000067.6,87.500,32,4,0,2059,2090,39290695,39290726,1.2,41.0
Transcript_6,NC_000067.6,92.593,27,2,0,8,34,43700307,43700281,1.2,41.0
Transcript_6,NC_000067.6,92.593,27,2,0,8,34,49246627,49246653,1.2,41.0
Transcript_6,NC_000067.6,100.000,22,0,0,8,29,49626027,49626006,1.2,41.0
Transcript_6,NC_000067.6,100.000,22,0,0,8,29,66885001,66885022,1.2,41.0
Transcript_6,NC_000067.6,100.000,22,0,0,8,29,66885117,66885138,1.2,41.0
Transcript_6,NC_000067.6,100.000,22,0,0,8,29,66885190,66885211,1.2,41.0
Transcript_6,NC_000067.6,92.593,27,2,0,8,34,69981545,69981519,1.2,41.0
Transcript_6,NC_000067.6,87.500,32,4,0,8,39,79419342,79419311,1.2,41.0
Transcript_6,NC_000067.6,92.593,27,2,0,5,31,87837820,87837846,1.2,41.0
Transcript_6,NC_000067.6,84.615,39,5,1,8,45,112193853,112193815,1.2,41.0
Transcript_6,NC_000067.6,92.593,27,2,0,8,34,113993711,113993685,1.2,41.0
Transcript_6,NC_000067.6,92.593,27,2,0,8,34,119049354,119049328,1.2,41.0
Transcript_6,NC_000067.6,92.593,27,2,0,8,34,142335945,142335971,1.2,41.0
Transcript_6,NC_000067.6,92.593,27,2,0,8,34,151045661,151045635,1.2,41.0
Transcript_6,NC_000067.6,80.952,42,8,0,8,49,151672278,151672319,1.2,41.0
Transcript_6,NC_000067.6,83.784,37,6,0,8,44,161470241,161470205,1.2,41.0
Transcript_6,NC_000067.6,92.593,27,2,0,5,31,161702062,161702036,1.2,41.0
Transcript_6,NC_000067.6,92.593,27,2,0,5,31,175552415,175552441,1.2,41.0
Transcript_6,NC_000067.6,100.000,22,0,0,8,29,177112323,177112302,1.2,41.0
Transcript_6,NC_000067.6,100.000,22,0,0,8,29,181550415,181550394,1.2,41.0
Transcript_6,NC_000067.6,100.000,22,0,0,8,29,193046047,193046026,1.2,41.0
Transcript_6,NC_000073.6,99.911,1127,1,0,1863,2989,47078924,47077798,0.0,2029
Transcript_6,NC_000073.6,100.000,285,0,0,1,285,47133539,47133255,2.04e-143,515
Transcript_6,NC_000073.6,99.203,251,2,0,740,990,47090026,47089776,3.03e-122,444
Transcript_6,NC_000073.6,100.000,195,0,0,361,555,47091571,47091377,1.47e-94,352
Transcript_6,NC_000073.6,100.000,193,0,0,988,1180,47088681,47088489,1.79e-93,349
Transcript_6,NC_000073.6,100.000,162,0,0,1593,1754,47079608,47079447,1.21e-76,293
Transcript_6,NC_000073.6,100.000,139,0,0,1344,1482,47082899,47082761,3.70e-64,251
Transcript_6,NC_000073.6,100.000,118,0,0,1752,1869,47079362,47079245,9.30e-53,214
Transcript_6,NC_000073.6,100.000,113,0,0,1481,1593,47081975,47081863,4.82e-50,205
Transcript_6,NC_000073.6,99.115,113,1,0,552,664,47090838,47090726,2.05e-48,200
Transcript_6,NC_000073.6,100.000,87,0,0,663,749,47090505,47090419,6.27e-36,158
Transcript_6,NC_000073.6,97.802,91,2,0,1174,1264,47086131,47086041,2.19e-35,156
Transcript_6,NC_000073.6,100.000,81,0,0,1265,1345,47083165,47083085,1.13e-32,147
Transcript_6,NC_000073.6,100.000,81,0,0,283,363,47112799,47112719,1.13e-32,147
Transcript_6,NC_000073.6,89.744,39,1,2,5,43,87190274,87190309,0.029,47.3
Transcript_6,NC_000073.6,82.222,45,8,0,8,52,126353692,126353648,0.029,46.4
Transcript_6,NC_000073.6,100.000,24,0,0,8,31,4175286,4175309,0.100,44.6
Transcript_6,NC_000073.6,100.000,24,0,0,8,31,7335102,7335079,0.100,44.6
Transcript_6,NC_000073.6,93.103,29,2,0,8,36,120421662,120421634,0.100,44.6
Transcript_6,NC_000073.6,100.000,24,0,0,8,31,122028282,122028305,0.100,44.6
Transcript_6,NC_000073.6,96.154,26,1,0,8,33,4833494,4833519,0.35,43.7
Transcript_6,NC_000073.6,96.154,26,1,0,8,33,7580742,7580767,0.35,43.7
Transcript_6,NC_000073.6,96.154,26,1,0,8,33,74228008,74228033,0.35,43.7
Transcript_6,NC_000073.6,96.154,26,1,0,8,33,95710833,95710858,0.35,43.7
Transcript_6,NC_000073.6,96.154,26,1,0,8,33,108293295,108293320,0.35,43.7
Transcript_6,NC_000073.6,96.154,26,1,0,8,33,108914894,108914869,0.35,43.7
Transcript_6,NC_000073.6,96.154,26,1,0,8,33,120407585,120407610,0.35,43.7
Transcript_6,NC_000073.6,96.154,26,1,0,8,33,120614264,120614289,0.35,43.7
Transcript_6,NC_000073.6,96.154,26,1,0,8,33,123070735,123070710,0.35,43.7
Transcript_6,NC_000073.6,100.000,23,0,0,8,30,12174351,12174373,0.35,42.8
Transcript_6,NC_000073.6,100.000,23,0,0,8,30,25198563,25198541,0.35,42.8
Transcript_6,NC_000073.6,100.000,23,0,0,8,30,28324278,28324300,0.35,42.8
Transcript_6,NC_000073.6,100.000,23,0,0,8,30,35719151,35719173,0.35,42.8
Transcript_6,NC_000073.6,100.000,23,0,0,8,30,57398305,57398283,0.35,42.8
Transcript_6,NC_000073.6,100.000,23,0,0,8,30,80999469,80999447,0.35,42.8
Transcript_6,NC_000073.6,100.000,23,0,0,7,29,82027768,82027746,0.35,42.8
Transcript_6,NC_000073.6,100.000,23,0,0,8,30,94185546,94185524,0.35,42.8
Transcript_6,NC_000073.6,96.000,25,1,0,5,29,25596180,25596156,1.2,41.9
Transcript_6,NC_000073.6,90.000,30,3,0,8,37,27612317,27612346,1.2,41.9
Transcript_6,NC_000073.6,96.000,25,1,0,7,31,44520643,44520619,1.2,41.9
Transcript_6,NC_000073.6,96.000,25,1,0,8,32,71048544,71048520,1.2,41.9
Transcript_6,NC_000073.6,96.000,25,1,0,8,32,76618688,76618712,1.2,41.9
Transcript_6,NC_000073.6,82.500,40,7,0,8,47,80135779,80135818,1.2,41.9
Transcript_6,NC_000073.6,96.000,25,1,0,8,32,88862525,88862549,1.2,41.9
Transcript_6,NC_000073.6,96.000,25,1,0,6,30,114973244,114973268,1.2,41.9
Transcript_6,NC_000073.6,96.000,25,1,0,9,33,128161262,128161286,1.2,41.9
Transcript_6,NC_000073.6,96.000,25,1,0,8,32,133502759,133502735,1.2,41.9
Transcript_6,NC_000073.6,93.103,29,1,1,7,34,6558799,6558771,1.2,41.0
Transcript_6,NC_000073.6,100.000,22,0,0,10,31,8032743,8032722,1.2,41.0
Transcript_6,NC_000073.6,100.000,22,0,0,10,31,8053442,8053421,1.2,41.0
Transcript_6,NC_000073.6,100.000,22,0,0,10,31,8823295,8823274,1.2,41.0
Transcript_6,NC_000073.6,100.000,22,0,0,10,31,9569864,9569843,1.2,41.0
Transcript_6,NC_000073.6,100.000,22,0,0,10,31,9838935,9838914,1.2,41.0
Transcript_6,NC_000073.6,93.103,29,1,1,6,33,16836581,16836553,1.2,41.0
Transcript_6,NC_000073.6,100.000,22,0,0,8,29,25479143,25479164,1.2,41.0
Transcript_6,NC_000073.6,84.615,39,5,1,8,46,29231153,29231116,1.2,41.0
Transcript_6,NC_000073.6,86.842,38,2,2,7,44,44925323,44925289,1.2,41.0
Transcript_6,NC_000073.6,92.593,27,2,0,8,34,46089718,46089692,1.2,41.0
Transcript_6,NC_000073.6,92.593,27,2,0,2424,2450,71419101,71419075,1.2,41.0
Transcript_6,NC_000073.6,93.103,29,1,1,8,35,87157599,87157627,1.2,41.0
Transcript_6,NC_000073.6,92.593,27,2,0,5,31,87530293,87530319,1.2,41.0
Transcript_6,NC_000073.6,92.593,27,2,0,2066,2092,99360868,99360894,1.2,41.0
Transcript_6,NC_000073.6,92.593,27,2,0,8,34,123934142,123934116,1.2,41.0
Transcript_6,NC_000073.6,100.000,22,0,0,8,29,133158979,133159000,1.2,41.0
Transcript_8,NC_000069.6,79.474,190,39,0,1276,1465,101589959,101589770,1.21e-38,168
Transcript_8,NC_000069.6,77.160,162,37,0,2380,2541,101582161,101582000,3.71e-26,126
Transcript_8,NC_000069.6,77.612,134,30,0,2081,2214,101583883,101583750,9.95e-21,107
Transcript_8,NC_000069.6,68.248,274,87,0,998,1271,101590718,101590445,4.23e-19,103
Transcript_8,NC_000069.6,75.000,148,35,2,1762,1908,101586271,101586125,2.19e-16,94.2
Transcript_8,NC_000069.6,73.885,157,35,3,2218,2371,101582840,101582687,7.65e-16,91.5
Transcript_8,NC_000069.6,75.833,120,29,0,883,1002,101591238,101591119,3.25e-14,86.9
Transcript_8,NC_000069.6,70.391,179,53,0,1906,2084,101584899,101584721,1.14e-13,85.1
Transcript_8,NC_000069.6,71.154,156,45,0,2538,2693,101581881,101581726,4.83e-12,79.7
Transcript_8,NC_000069.6,71.094,128,31,2,448,572,101592566,101592442,1.30e-06,61.7
Transcript_8,NC_000069.6,71.579,95,25,2,3211,3304,101577000,101576907,0.35,43.7
Transcript_8,NC_000069.6,81.395,43,8,0,3047,3089,101579569,101579527,0.35,42.8
Transcript_8,NC_000069.6,87.879,33,4,0,2579,2611,104509714,104509746,0.35,42.8
Transcript_8,NC_000070.6,86.486,37,5,0,891,927,137664677,137664641,0.100,45.5
Transcript_8,NC_000070.6,90.000,30,3,0,3481,3510,94116743,94116714,1.2,41.9
Transcript_8,NC_000070.6,82.927,41,5,1,3468,3508,117028782,117028820,1.2,41.0
Transcript_8,NC_000070.6,100.000,22,0,0,3474,3495,136548953,136548974,1.2,41.0
Transcript_8,NC_000068.7,100.000,24,0,0,1452,1475,55846805,55846828,0.100,44.6
Transcript_8,NC_000068.7,96.000,25,1,0,1206,1230,35805087,35805111,1.2,41.9
Transcript_8,NC_000068.7,84.615,39,4,1,3479,3517,39066117,39066081,1.2,41.9
Transcript_8,NC_000068.7,84.615,39,5,1,1908,1946,98032279,98032242,1.2,41.0
Transcript_8,NC_000079.6,90.000,30,3,0,1641,1670,73255535,73255506,1.2,41.9
Transcript_8,NC_000079.6,93.103,29,1,1,1657,1685,9741216,9741243,1.2,41.0
Transcript_8,NC_000083.6,90.625,32,2,1,2273,2304,19638304,19638334,1.2,41.9
Transcript_8,NC_000085.6,87.500,32,4,0,3781,3812,60903095,60903064,1.2,41.0
Transcript_8,NC_000072.6,79.630,54,11,0,1362,1415,113789927,113789874,0.008,49.1
Transcript_8,NC_000072.6,92.593,27,2,0,433,459,32153129,32153103,1.2,41.0
Transcript_8,NC_000076.6,75.342,73,18,0,2377,2449,99010709,99010781,6.71e-04,51.8
Transcript_8,NC_000076.6,82.979,47,8,0,1363,1409,98999808,98999854,0.002,50.0
Transcript_8,NC_000076.6,87.500,40,3,1,1653,1692,49456675,49456638,0.008,48.2
Transcript_8,NC_000076.6,92.593,27,2,0,3454,3480,51855198,51855172,1.2,41.0
Transcript_8,NC_000067.6,83.684,190,31,0,1275,1464,172286391,172286202,1.68e-49,204
Transcript_8,NC_000067.6,85.897,156,22,0,1275,1430,172245027,172244872,1.58e-43,183
Transcript_8,NC_000067.6,77.439,164,37,0,2378,2541,172279829,172279666,3.04e-27,130
Transcript_8,NC_000067.6,70.504,278,80,2,995,1271,172287474,172287198,3.71e-26,125
Transcript_8,NC_000067.6,76.623,154,36,0,2218,2371,172280088,172279935,1.92e-23,116
Transcript_8,NC_000067.6,75.641,156,38,0,2538,2693,172232342,172232187,8.17e-22,111
Transcript_8,NC_000067.6,75.641,156,38,0,2538,2693,172279469,172279314,8.17e-22,111
Transcript_8,NC_000067.6,77.444,133,30,0,2081,2213,172280707,172280575,3.47e-20,105
Transcript_8,NC_000067.6,75.342,146,30,2,742,884,172290393,172290251,5.15e-18,98.7
Transcript_8,NC_000067.6,71.508,179,51,0,1906,2084,172284676,172284498,2.19e-16,94.2
Transcript_8,NC_000067.6,80.000,100,20,0,2081,2180,172235077,172234978,7.65e-16,91.5
Transcript_8,NC_000067.6,75.833,120,29,0,883,1002,172289418,172289299,3.25e-14,86.9
Transcript_8,NC_000067.6,76.786,112,26,0,1973,2084,172239810,172239699,3.25e-14,86.0
Transcript_8,NC_000067.6,85.135,74,11,0,1198,1271,172246703,172246630,1.14e-13,85.1
Transcript_8,NC_000067.6,69.849,199,55,3,1711,1908,172284961,172284767,1.38e-12,80.6
Transcript_8,NC_000067.6,72.414,145,38,2,1765,1908,172240146,172240003,5.88e-11,75.2
Transcript_8,NC_000067.6,72.143,140,35,2,2227,2364,172234549,172234412,7.16e-10,72.5
Transcript_8,NC_000067.6,69.143,175,50,2,429,601,172291400,172291228,8.73e-09,68.0
Transcript_8,NC_000067.6,73.276,116,25,3,745,857,172251421,172251309,3.71e-07,62.6
Transcript_8,NC_000067.6,75.000,80,20,0,883,962,172251003,172250924,5.51e-05,55.4
Transcript_8,NC_000067.6,80.000,50,10,0,1362,1411,133731837,133731788,0.029,46.4
Transcript_8,NC_000067.6,76.667,60,13,1,1522,1580,38950904,38950963,0.35,42.8
Transcript_8,NC_000067.6,88.235,34,3,1,1248,1280,175516447,175516414,1.2,41.0
Transcript_8,NC_000067.6,92.593,27,2,0,1658,1684,185330461,185330435,1.2,41.0
Transcript_8,NC_000084.6,90.909,33,2,1,3682,3714,14315287,14315256,0.35,43.7
Transcript_8,NC_000071.6,69.061,181,53,1,2388,2568,122460197,122460020,2.05e-10,73.4
Transcript_8,NC_000071.6,76.000,75,18,0,1336,1410,122469430,122469356,5.51e-05,55.4
Transcript_8,NC_000073.6,85.185,162,24,0,1276,1437,24994728,24994567,4.51e-44,185
Transcript_8,NC_000073.6,74.494,247,61,2,1026,1271,24997375,24997130,7.64e-35,155
Transcript_8,NC_000073.6,78.977,176,37,0,2367,2542,30720463,30720638,9.31e-34,151
Transcript_8,NC_000073.6,78.161,174,38,0,2368,2541,24987606,24987433,1.38e-31,143
Transcript_8,NC_000073.6,78.528,163,35,0,1275,1437,30716540,30716702,2.05e-29,137
Transcript_8,NC_000073.6,77.564,156,35,0,2538,2693,24981898,24981743,1.29e-25,124
Transcript_8,NC_000073.6,76.860,121,28,0,2081,2201,24989706,24989586,2.19e-16,93.3
Transcript_8,NC_000073.6,68.293,246,78,0,1026,1271,30715766,30716011,2.19e-16,93.3
Transcript_8,NC_000073.6,71.667,180,49,2,1906,2084,24989965,24989787,9.32e-15,88.7
Transcript_8,NC_000073.6,74.046,131,34,0,1949,2079,30719021,30719151,1.14e-13,84.2
Transcript_8,NC_000073.6,69.613,181,52,1,2388,2568,126448383,126448206,1.68e-11,77.9
Transcript_8,NC_000073.6,70.779,154,45,0,2218,2371,24988130,24987977,5.88e-11,76.1
Transcript_8,NC_000073.6,75.758,99,24,0,1294,1392,126456499,126456401,7.16e-10,71.6
Transcript_8,NC_000073.6,71.141,149,39,2,457,603,25000756,25000610,2.50e-09,70.7
Transcript_8,NC_000073.6,69.872,156,47,0,2538,2693,30720724,30720879,2.50e-09,70.7
Transcript_8,NC_000073.6,75.000,100,25,0,2081,2180,30719991,30720090,8.73e-09,68.9
Transcript_8,NC_000073.6,84.000,50,8,0,3040,3089,24980065,24980016,5.51e-05,55.4
Transcript_8,NC_000073.6,68.182,132,42,0,1577,1708,24994268,24994137,0.002,50.0
Transcript_8,NC_000073.6,68.217,129,41,0,2236,2364,30720233,30720361,0.008,49.1
Transcript_8,NC_000073.6,75.000,60,15,0,688,747,24998959,24998900,1.2,41.9
Transcript_8,NC_000073.6,90.625,32,2,1,2273,2304,43239325,43239295,1.2,41.9
Transcript_8,NC_000074.6,71.942,139,35,4,2374,2510,119751178,119751314,1.30e-06,61.7
Transcript_8,NC_000074.6,93.548,31,1,1,3874,3904,15254799,15254770,0.100,44.6
Transcript_8,NC_000074.6,96.154,26,1,0,1385,1410,14575223,14575248,0.35,43.7
Transcript_8,NC_000074.6,88.235,34,3,1,2702,2735,86809811,86809779,1.2,41.0
Transcript_8,NC_000080.6,100.000,659,0,0,3293,3951,56387893,56388551,0.0,1189
Transcript_8,NC_000080.6,100.000,273,0,0,999,1271,56373186,56373458,6.67e-137,493
Transcript_8,NC_000080.6,100.000,222,0,0,1,222,56365068,56365289,3.24e-109,401
Transcript_8,NC_000080.6,100.000,206,0,0,430,635,56370773,56370978,1.57e-100,372
Transcript_8,NC_000080.6,100.000,199,0,0,1270,1468,56374427,56374625,9.91e-97,360
Transcript_8,NC_000080.6,100.000,198,0,0,1711,1908,56378280,56378477,3.46e-96,358
Transcript_8,NC_000080.6,100.000,179,0,0,1906,2084,56379947,56380125,7.14e-86,324
Transcript_8,NC_000080.6,100.000,174,0,0,2368,2541,56384064,56384237,3.70e-83,315
Transcript_8,NC_000080.6,100.000,157,0,0,2538,2694,56384324,56384480,6.26e-74,284
Transcript_8,NC_000080.6,100.000,154,0,0,2218,2371,56382495,56382648,2.66e-72,279
Transcript_8,NC_000080.6,99.355,155,1,0,219,373,56365945,56366099,3.24e-71,276
Transcript_8,NC_000080.6,100.000,147,0,0,2818,2964,56386111,56386257,1.68e-68,266
Transcript_8,NC_000080.6,99.301,143,1,0,742,884,56372573,56372715,1.06e-64,254
Transcript_8,NC_000080.6,99.296,142,1,0,2078,2219,56380758,56380899,3.70e-64,252
Transcript_8,NC_000080.6,100.000,137,0,0,1577,1713,56376136,56376272,4.51e-63,248
Transcript_8,NC_000080.6,100.000,135,0,0,2964,3098,56386847,56386981,5.49e-62,244
Transcript_8,NC_000080.6,100.000,126,0,0,2695,2820,56385793,56385918,4.22e-57,228
Transcript_8,NC_000080.6,97.744,133,2,1,883,1014,56372843,56372975,1.80e-55,224
Transcript_8,NC_000080.6,100.000,114,0,0,634,747,56371739,56371852,1.38e-50,206
Transcript_8,NC_000080.6,99.115,113,1,0,1466,1578,56374757,56374869,2.05e-48,200
Transcript_8,NC_000080.6,100.000,106,0,0,3096,3201,56387147,56387252,3.04e-46,192
Transcript_8,NC_000080.6,100.000,96,0,0,3198,3293,56387637,56387732,8.16e-41,174
Transcript_8,NC_000080.6,100.000,62,0,0,372,433,56368382,56368443,2.34e-22,113
Transcript_8,NC_000081.6,92.593,27,2,0,3922,3948,96531385,96531411,1.2,41.0
Transcript_8,NC_000077.6,69.061,181,53,1,2388,2568,72981727,72981904,2.05e-10,73.4
Transcript_8,NC_000077.6,85.965,57,8,0,1336,1392,72975570,72975626,8.73e-09,68.0
Transcript_8,NC_000077.6,100.000,24,0,0,311,334,55849808,55849785,0.100,44.6
Transcript_8,NC_000077.6,81.395,43,8,0,1362,1404,43202126,43202168,0.35,42.8
Transcript_8,NC_000086.7,88.235,34,4,0,816,849,42356150,42356183,0.100,44.6
Transcript_8,NC_000086.7,92.593,27,2,0,1450,1476,132620165,132620139,1.2,41.0
Transcript_8,NC_000086.7,92.593,27,2,0,594,620,160069983,160069957,1.2,41.0
Transcript_9,NC_000069.6,74.419,86,20,2,622,706,144201982,144201898,0.002,50.0
Transcript_9,NC_000069.6,91.176,34,3,0,1019,1052,101604614,101604581,0.008,49.1
Transcript_9,NC_000069.6,88.889,36,3,1,2052,2086,72856404,72856439,0.100,44.6
Transcript_9,NC_000069.6,88.889,36,3,1,1711,1745,88853493,88853528,0.100,44.6
Transcript_9,NC_000069.6,81.395,43,8,0,1721,1763,142162613,142162571,0.35,42.8
Transcript_9,NC_000069.6,90.000,30,3,0,2056,2085,71833473,71833444,1.2,41.9
Transcript_9,NC_000069.6,96.000,25,1,0,1722,1746,76337607,76337631,1.2,41.9
Transcript_9,NC_000070.6,93.333,30,2,0,1023,1052,118797805,118797776,0.029,46.4
Transcript_9,NC_000070.6,96.296,27,1,0,2049,2075,35827144,35827118,0.100,45.5
Transcript_9,NC_000070.6,86.842,38,3,1,1721,1758,26906369,26906404,0.100,44.6
Transcript_9,NC_000070.6,90.000,30,3,0,1023,1052,114847677,114847648,1.2,41.9
Transcript_9,NC_000070.6,87.500,32,4,0,1021,1052,4343016,4342985,1.2,41.0
Transcript_9,NC_000070.6,87.500,32,4,0,2056,2087,127259475,127259506,1.2,41.0
Transcript_9,NC_000070.6,100.000,22,0,0,193,214,139833119,139833098,1.2,41.0
Transcript_9,NC_000082.6,93.333,30,1,1,1760,1789,5240442,5240470,0.35,42.8
Transcript_9,NC_000082.6,90.000,30,3,0,1023,1052,9016310,9016339,1.2,41.9
Transcript_9,NC_000082.6,90.000,30,3,0,1023,1052,77834837,77834808,1.2,41.9
Transcript_9,NC_000082.6,90.000,30,3,0,1023,1052,77834843,77834814,1.2,41.9
Transcript_9,NC_000082.6,75.439,57,14,0,1722,1778,46060692,46060636,1.2,41.0
Transcript_9,NC_000082.6,80.435,46,7,1,1720,1763,83019477,83019432,1.2,41.0
Transcript_9,NC_000068.7,100.000,899,0,0,1396,2294,38368839,38369737,0.0,1622
Transcript_9,NC_000068.7,100.000,585,0,0,1,585,38351309,38351893,0.0,1056
Transcript_9,NC_000068.7,100.000,408,0,0,785,1192,38354445,38354852,0.0,737
Transcript_9,NC_000068.7,100.000,210,0,0,1192,1401,38359897,38360106,1.06e-102,379
Transcript_9,NC_000068.7,100.000,205,0,0,585,789,38353310,38353514,5.48e-100,370
Transcript_9,NC_000068.7,90.625,32,3,0,2042,2073,10400350,10400381,0.100,45.5
Transcript_9,NC_000068.7,90.323,31,3,0,1023,1053,153444468,153444438,0.35,43.7
Transcript_9,NC_000068.7,81.395,43,8,0,1370,1412,33566940,33566898,0.35,42.8
Transcript_9,NC_000068.7,90.625,32,2,1,2043,2073,77748920,77748889,1.2,41.9
Transcript_9,NC_000068.7,90.000,30,3,0,2084,2113,138537619,138537590,1.2,41.9
Transcript_9,NC_000068.7,93.103,29,1,1,1750,1777,141732029,141732001,1.2,41.0
Transcript_9,NC_000079.6,93.333,30,2,0,2056,2085,8138957,8138986,0.029,46.4
Transcript_9,NC_000079.6,96.000,25,1,0,192,216,37852336,37852360,1.2,41.9
Transcript_9,NC_000079.6,87.500,32,4,0,2040,2071,55245439,55245470,1.2,41.0
Transcript_9,NC_000083.6,93.103,29,2,0,1024,1052,72621320,72621348,0.100,44.6
Transcript_9,NC_000083.6,90.000,30,3,0,1023,1052,27513101,27513072,1.2,41.9
Transcript_9,NC_000083.6,90.000,30,3,0,2054,2083,40954515,40954486,1.2,41.9
Transcript_9,NC_000083.6,82.500,40,7,0,2047,2086,71061363,71061402,1.2,41.9
Transcript_9,NC_000083.6,87.500,32,4,0,1020,1051,4995970,4996001,1.2,41.0
Transcript_9,NC_000083.6,92.593,27,2,0,1816,1842,39910790,39910764,1.2,41.0
Transcript_9,NC_000083.6,100.000,22,0,0,1720,1741,92747313,92747334,1.2,41.0
Transcript_9,NC_000078.6,87.879,33,4,0,2043,2075,72678730,72678762,0.35,42.8
Transcript_9,NC_000078.6,86.111,36,2,1,180,212,83160735,83160770,1.2,41.9
Transcript_9,NC_000078.6,90.000,30,3,0,1023,1052,98747000,98747029,1.2,41.9
Transcript_9,NC_000078.6,87.500,32,4,0,1021,1052,105901703,105901734,1.2,41.0
Transcript_9,NC_000085.6,88.235,34,4,0,2052,2085,5589698,5589731,0.100,44.6
Transcript_9,NC_000072.6,86.111,36,5,0,2159,2194,51848680,51848715,0.35,43.7
Transcript_9,NC_000072.6,87.879,33,4,0,1021,1053,54110052,54110020,0.35,42.8
Transcript_9,NC_000072.6,84.211,38,6,0,183,220,116920010,116919973,0.35,42.8
Transcript_9,NC_000072.6,92.593,27,2,0,2050,2076,112983208,112983182,1.2,41.0
Transcript_9,NC_000076.6,88.235,34,4,0,2040,2073,17788279,17788246,0.100,44.6
Transcript_9,NC_000076.6,93.103,29,2,0,1024,1052,94078244,94078272,0.100,44.6
Transcript_9,NC_000076.6,88.235,34,4,0,1019,1052,117995655,117995688,0.100,44.6
Transcript_9,NC_000076.6,90.323,31,3,0,1021,1051,120476260,120476230,0.35,43.7
Transcript_9,NC_000076.6,71.429,84,16,2,293,373,21161105,21161183,0.35,42.8
Transcript_9,NC_000076.6,90.000,30,3,0,2056,2085,65861899,65861870,1.2,41.9
Transcript_9,NC_000076.6,100.000,22,0,0,2056,2077,38930109,38930130,1.2,41.0
Transcript_9,NC_000076.6,100.000,22,0,0,1695,1716,63030344,63030323,1.2,41.0
Transcript_9,NC_000076.6,82.927,41,5,1,2041,2079,101334559,101334519,1.2,41.0
Transcript_9,NC_000067.6,80.383,209,41,0,791,999,138838696,138838488,3.04e-46,193
Transcript_9,NC_000067.6,78.325,203,41,2,1201,1400,138832902,138832700,5.15e-37,162
Transcript_9,NC_000067.6,80.000,170,34,0,620,789,138840041,138839872,7.64e-35,154
Transcript_9,NC_000067.6,65.636,291,70,11,1396,1686,138831627,138831367,6.71e-04,52.7
Transcript_9,NC_000067.6,90.323,31,3,0,1021,1051,176835530,176835560,0.35,43.7
Transcript_9,NC_000067.6,68.696,115,30,2,673,787,155724899,155724791,0.35,42.8
Transcript_9,NC_000067.6,92.857,28,2,0,1025,1052,185307176,185307203,0.35,42.8
Transcript_9,NC_000067.6,90.000,30,3,0,2056,2085,56643369,56643398,1.2,41.9
Transcript_9,NC_000067.6,85.714,35,5,0,199,233,97431520,97431554,1.2,41.9
Transcript_9,NC_000067.6,84.615,39,5,1,2040,2077,120529351,120529313,1.2,41.0
Transcript_9,NC_000067.6,92.593,27,2,0,2049,2075,135243731,135243705,1.2,41.0
Transcript_9,NC_000067.6,80.952,42,8,0,1023,1064,168209483,168209442,1.2,41.0
Transcript_9,NC_000067.6,87.500,32,4,0,1024,1055,170826465,170826434,1.2,41.0
Transcript_9,NC_000075.6,90.625,32,3,0,1021,1052,43848987,43849018,0.100,45.5
Transcript_9,NC_000075.6,93.103,29,2,0,1021,1049,44525840,44525868,0.100,44.6
Transcript_9,NC_000075.6,88.571,35,3,1,2053,2086,64047036,64047002,0.35,42.8
Transcript_9,NC_000075.6,96.000,25,1,0,2055,2079,26623489,26623465,1.2,41.9
Transcript_9,NC_000075.6,80.851,47,8,1,2032,2077,39625927,39625881,1.2,41.9
Transcript_9,NC_000084.6,90.625,32,3,0,1021,1052,8842237,8842268,0.100,45.5
Transcript_9,NC_000084.6,86.486,37,5,0,2037,2073,13500111,13500147,0.100,45.5
Transcript_9,NC_000084.6,90.323,31,3,0,2056,2086,89234305,89234335,0.35,43.7
Transcript_9,NC_000084.6,90.000,30,3,0,1023,1052,36560921,36560950,1.2,41.9
Transcript_9,NC_000084.6,85.714,35,5,0,1015,1049,63415975,63416009,1.2,41.9
Transcript_9,NC_000084.6,80.952,42,8,0,1024,1065,13972389,13972430,1.2,41.0
Transcript_9,NC_000084.6,92.593,27,2,0,2047,2073,33736693,33736719,1.2,41.0
Transcript_9,NC_000084.6,92.593,27,2,0,1024,1050,36470381,36470407,1.2,41.0
Transcript_9,NC_000071.6,87.879,33,4,0,1739,1771,120744148,120744116,0.35,42.8
Transcript_9,NC_000071.6,85.000,40,5,1,319,357,140505574,140505613,0.35,42.8
Transcript_9,NC_000071.6,92.593,27,2,0,1026,1052,66337608,66337634,1.2,41.0
Transcript_9,NC_000071.6,92.593,27,2,0,2049,2075,90427529,90427503,1.2,41.0
Transcript_9,NC_000071.6,92.593,27,2,0,2047,2073,119268406,119268432,1.2,41.0
Transcript_9,NC_000073.6,79.630,54,11,0,841,894,109140652,109140599,0.008,49.1
Transcript_9,NC_000073.6,96.429,28,1,0,349,376,44336057,44336084,0.029,47.3
Transcript_9,NC_000073.6,86.486,37,5,0,1392,1428,101821701,101821737,0.100,45.5
Transcript_9,NC_000073.6,93.103,29,2,0,1024,1052,109865511,109865539,0.100,44.6
Transcript_9,NC_000073.6,90.000,30,3,0,1023,1052,44278402,44278373,1.2,41.9
Transcript_9,NC_000073.6,90.000,30,3,0,1023,1052,70361410,70361381,1.2,41.9
Transcript_9,NC_000073.6,90.000,30,3,0,1024,1053,139372146,139372175,1.2,41.9
Transcript_9,NC_000073.6,92.593,27,2,0,1024,1050,92581889,92581863,1.2,41.0
Transcript_9,NC_000073.6,73.134,67,18,0,638,704,109143609,109143543,1.2,41.0
Transcript_9,NC_000074.6,87.805,41,5,0,1384,1424,108951302,108951342,6.71e-04,52.7
Transcript_9,NC_000074.6,93.333,30,2,0,1023,1052,20395319,20395348,0.029,46.4
Transcript_9,NC_000074.6,93.103,29,2,0,1024,1052,20151690,20151662,0.100,44.6
Transcript_9,NC_000074.6,90.000,30,3,0,1023,1052,32884139,32884168,1.2,41.9
Transcript_9,NC_000074.6,84.091,44,5,2,2038,2081,61559512,61559471,1.2,41.9
Transcript_9,NC_000074.6,75.362,69,11,3,2055,2120,54663763,54663698,1.2,41.0
Transcript_9,NC_000074.6,92.593,27,2,0,1024,1050,69554767,69554793,1.2,41.0
Transcript_9,NC_000074.6,83.784,37,6,0,2050,2086,74108487,74108451,1.2,41.0
Transcript_9,NC_000074.6,92.593,27,2,0,1024,1050,86877365,86877391,1.2,41.0
Transcript_9,NC_000074.6,87.500,32,4,0,1020,1051,89168030,89167999,1.2,41.0
Transcript_9,NC_000080.6,90.909,44,4,0,1382,1425,55064233,55064190,3.71e-07,62.6
Transcript_9,NC_000080.6,93.333,30,2,0,1023,1052,56935585,56935614,0.029,46.4
Transcript_9,NC_000080.6,90.323,31,3,0,2055,2085,120218078,120218108,0.35,43.7
Transcript_9,NC_000080.6,90.000,30,3,0,1023,1052,30716415,30716444,1.2,41.9
Transcript_9,NC_000080.6,90.000,30,3,0,1023,1052,75125231,75125260,1.2,41.9
Transcript_9,NC_000080.6,90.000,30,3,0,1023,1052,76239453,76239482,1.2,41.9
Transcript_9,NC_000080.6,90.000,30,3,0,2056,2085,110698006,110697977,1.2,41.9
Transcript_9,NC_000081.6,92.857,28,2,0,1815,1842,6150335,6150362,0.35,42.8
Transcript_9,NC_000081.6,90.000,30,3,0,2048,2077,4692369,4692340,1.2,41.9
Transcript_9,NC_000081.6,90.000,30,3,0,1023,1052,35914411,35914382,1.2,41.9
Transcript_9,NC_000081.6,93.103,29,0,1,2046,2074,63582309,63582335,1.2,41.9
Transcript_9,NC_000081.6,90.000,30,3,0,1023,1052,74206554,74206525,1.2,41.9
Transcript_9,NC_000081.6,90.000,30,3,0,1023,1052,101078489,101078460,1.2,41.9
Transcript_9,NC_000081.6,78.723,47,10,0,1606,1652,38281677,38281723,1.2,41.0
Transcript_9,NC_000081.6,86.111,36,3,1,2050,2085,60007905,60007938,1.2,41.0
Transcript_9,NC_000081.6,100.000,22,0,0,1721,1742,86676995,86677016,1.2,41.0
Transcript_9,NC_000081.6,92.593,27,2,0,1026,1052,101885041,101885015,1.2,41.0
Transcript_9,NC_000077.6,83.333,54,9,0,873,926,84522207,84522154,1.58e-05,58.1
Transcript_9,NC_000077.6,87.879,33,4,0,2055,2087,113083528,113083496,0.35,42.8
Transcript_9,NC_000077.6,88.235,34,3,1,2049,2082,48808525,48808493,1.2,41.0
Transcript_9,NC_000077.6,87.500,32,4,0,1021,1052,68386979,68386948,1.2,41.0
Transcript_9,NC_000077.6,87.500,32,4,0,1021,1052,87783387,87783418,1.2,41.0
Transcript_9,NC_000077.6,100.000,22,0,0,2171,2192,104869907,104869886,1.2,41.0
Transcript_9,NC_000086.7,93.750,32,2,0,1023,1054,164072149,164072118,0.002,50.0
Transcript_9,NC_000086.7,93.103,29,2,0,1717,1745,61621722,61621694,0.100,44.6
Transcript_9,NC_000086.7,93.103,29,2,0,1021,1049,140812132,140812160,0.100,44.6
Transcript_9,NC_000086.7,73.077,78,20,1,2139,2215,10393891,10393814,0.35,43.7
Transcript_9,NC_000086.7,80.000,50,9,1,1726,1774,78833489,78833440,0.35,42.8
Transcript_9,NC_000086.7,92.857,28,2,0,1024,1051,152202194,152202221,0.35,42.8
Transcript_9,NC_000086.7,90.000,30,3,0,2056,2085,168005659,168005630,1.2,41.9
Transcript_9,NC_000086.7,87.500,32,4,0,1021,1052,164072166,164072135,1.2,41.0
Transcript_10,NC_000069.6,80.328,61,12,0,806,866,108214681,108214621,1.58e-05,57.2
Transcript_10,NC_000069.6,96.154,26,1,0,901,926,103327150,103327125,0.35,43.7
Transcript_10,NC_000069.6,86.486,37,4,1,1327,1362,32276580,32276544,1.2,41.9
Transcript_10,NC_000070.6,79.630,54,10,1,1547,1599,29897255,29897308,0.100,45.5
Transcript_10,NC_000070.6,96.429,28,0,1,1289,1316,58908730,58908704,0.35,43.7
Transcript_10,NC_000070.6,90.000,30,3,0,2020,2049,11757623,11757594,1.2,41.9
Transcript_10,NC_000082.6,93.548,31,1,1,2369,2399,77800710,77800681,0.100,44.6
Transcript_10,NC_000082.6,87.500,32,4,0,2251,2282,7308286,7308255,1.2,41.0
Transcript_10,NC_000082.6,92.593,27,2,0,651,677,32303629,32303655,1.2,41.0
Transcript_10,NC_000068.7,86.111,36,5,0,521,556,19151834,19151869,0.35,43.7
Transcript_10,NC_000068.7,86.486,37,4,1,1766,1801,8158185,8158221,1.2,41.9
Transcript_10,NC_000079.6,90.625,32,1,1,960,989,70149501,70149532,0.35,42.8
Transcript_10,NC_000083.6,100.000,22,0,0,1982,2003,86107625,86107646,1.2,41.0
Transcript_10,NC_000072.6,83.721,43,2,2,2020,2061,47741731,47741693,0.35,42.8
Transcript_10,NC_000072.6,83.721,43,2,2,2020,2061,47755263,47755225,0.35,42.8
Transcript_10,NC_000072.6,83.721,43,2,2,2020,2061,47769477,47769439,0.35,42.8
Transcript_10,NC_000072.6,83.721,43,2,2,2020,2061,47775763,47775725,0.35,42.8
Transcript_10,NC_000072.6,96.000,25,1,0,2020,2044,35046627,35046603,1.2,41.9
Transcript_10,NC_000072.6,93.103,29,1,1,1815,1843,14517911,14517884,1.2,41.0
Transcript_10,NC_000072.6,100.000,22,0,0,531,552,50004491,50004512,1.2,41.0
Transcript_10,NC_000072.6,80.000,55,7,3,1529,1579,58546866,58546812,1.2,41.0
Transcript_10,NC_000072.6,83.784,37,6,0,2309,2345,100652785,100652749,1.2,41.0
Transcript_10,NC_000076.6,96.000,25,1,0,2019,2043,68858506,68858530,1.2,41.9
Transcript_10,NC_000076.6,88.235,34,3,1,1570,1603,68067539,68067571,1.2,41.0
Transcript_10,NC_000067.6,96.154,26,1,0,2019,2044,44099010,44098985,0.35,43.7
Transcript_10,NC_000067.6,73.239,71,16,1,1108,1175,124010946,124010876,1.2,41.9
Transcript_10,NC_000067.6,80.851,47,8,1,2421,2467,125292811,125292856,1.2,41.9
Transcript_10,NC_000075.6,90.909,33,2,1,2019,2051,56570423,56570392,0.35,43.7
Transcript_10,NC_000075.6,85.714,35,5,0,2019,2053,56633294,56633260,1.2,41.9
Transcript_10,NC_000075.6,87.500,32,4,0,2069,2100,27622665,27622696,1.2,41.0
Transcript_10,NC_000084.6,92.593,27,2,0,2352,2378,30996605,30996579,1.2,41.0
Transcript_10,NC_000071.6,100.000,24,0,0,2020,2043,84124503,84124480,0.100,44.6
Transcript_10,NC_000071.6,96.000,25,1,0,2020,2044,21530342,21530366,1.2,41.9
Transcript_10,NC_000071.6,96.000,25,1,0,2019,2043,24608550,24608526,1.2,41.9
Transcript_10,NC_000071.6,96.000,25,1,0,2021,2045,67322951,67322975,1.2,41.9
Transcript_10,NC_000071.6,88.889,36,2,2,1637,1670,140209741,140209706,1.2,41.0
Transcript_10,NC_000074.6,86.486,37,4,1,2021,2056,24155242,24155278,1.2,41.9
Transcript_10,NC_000074.6,96.000,25,1,0,2020,2044,72048091,72048115,1.2,41.9
Transcript_10,NC_000074.6,88.235,34,3,1,1545,1577,11618683,11618716,1.2,41.0
Transcript_10,NC_000080.6,100.000,1747,0,0,804,2550,13613723,13615469,0.0,3151
Transcript_10,NC_000080.6,100.000,224,0,0,1,224,13284781,13285004,2.66e-110,405
Transcript_10,NC_000080.6,100.000,205,0,0,409,613,13562913,13563117,5.48e-100,370
Transcript_10,NC_000080.6,100.000,194,0,0,613,806,13608570,13608763,5.14e-94,351
Transcript_10,NC_000080.6,100.000,127,0,0,288,414,13493507,13493633,1.21e-57,230
Transcript_10,NC_000080.6,100.000,68,0,0,221,288,13285139,13285206,1.29e-25,123
Transcript_10,NC_000080.6,93.103,29,2,0,1817,1845,102581957,102581929,0.100,44.6
Transcript_10,NC_000080.6,80.000,50,9,1,2030,2079,110328852,110328804,0.35,42.8
Transcript_10,NC_000080.6,81.818,44,5,1,845,885,118186294,118186251,0.35,42.8
Transcript_10,NC_000080.6,84.615,39,5,1,1234,1271,18622883,18622921,1.2,41.0
Transcript_10,NC_000080.6,92.593,27,2,0,2020,2046,63739944,63739970,1.2,41.0
Transcript_10,NC_000081.6,77.586,58,12,1,2096,2152,8833457,8833514,0.35,43.7
Transcript_10,NC_000081.6,100.000,23,0,0,1818,1840,56357412,56357390,0.35,42.8
Transcript_10,NC_000081.6,96.000,25,1,0,1481,1505,48929814,48929790,1.2,41.9
Transcript_10,NC_000081.6,92.593,27,2,0,2197,2223,52260596,52260622,1.2,41.0
Transcript_10,NC_000077.6,92.593,27,2,0,527,553,44100754,44100728,1.2,41.0
Transcript_10,NC_000086.7,82.500,120,21,0,478,597,7644165,7644284,4.52e-25,123
Transcript_10,NC_000086.7,74.797,123,31,0,292,414,7641100,7641222,3.96e-13,83.3
Transcript_10,NC_000086.7,84.444,45,7,0,829,873,7648581,7648625,0.002,50.9
Transcript_10,NC_000086.7,85.417,48,4,3,185,229,38770195,38770242,0.100,45.5
Transcript_10,NC_000086.7,93.333,30,0,1,768,797,161996351,161996378,0.35,43.7
Transcript_10,NC_000086.7,86.111,36,3,1,2053,2086,17215011,17214976,1.2,41.0


